{"cameraMode":{"drawMode":0,"name":"Shaded","section":"Shading Mode"},"sceneLighting":true,"audioPlay":false,"sceneViewState":{"showFog":true,"showMaterialUpdate":false,"showSkybox":true,"showFlares":true,"showImageEffects":true,"showParticleSystems":true},"in2DMode":false,"pivot":{"x":13.389188766479493,"y":-0.07018423080444336,"z":-30.666419982910158},"rotation":{"x":-0.18581971526145936,"y":0.00648328335955739,"z":-0.0012256866320967675,"w":-0.9825647473335266},"size":5.166207790374756,"orthographic":false}